Const,Your Rating,Date Rated,Title,Original Title,URL,Title Type,IMDb Rating,Runtime (mins),Year,Genres,Num Votes,Release Date,Directors
tt0307901,7,2024-11-08,"La última noche","25th Hour",https://www.imdb.com/title/tt0307901,Película,7.6,135,2002,"Drama",186489,"2003-04-25","Spike Lee"
tt0106856,7,2024-09-13,"Un día de furia","Falling Down",https://www.imdb.com/title/tt0106856,Película,7.6,113,1993,"Crimen, Drama, Suspense",212954,"1993-05-28","Joel Schumacher"
tt4550098,7,2024-08-31,"Animales nocturnos","Nocturnal Animals",https://www.imdb.com/title/tt4550098,Película,7.4,116,2016,"Drama, Suspense",323273,"2016-12-02","Tom Ford"
tt14230458,7,2024-07-12,"Pobres criaturas","Poor Things",https://www.imdb.com/title/tt14230458,Película,7.8,141,2023,"Romance, Ciencia ficción, Comedia, Drama",316300,"2024-01-26","Yorgos Lanthimos"
tt2543164,9,2024-07-12,"La llegada","Arrival",https://www.imdb.com/title/tt2543164,Película,7.9,116,2016,"Ciencia ficción, Drama, Misterio",797583,"2016-11-18","Denis Villeneuve"
tt0144084,7,2024-07-12,"American Psycho","American Psycho",https://www.imdb.com/title/tt0144084,Película,7.6,102,2000,"Crimen, Terror, Drama",754888,"2000-09-29","Mary Harron"
tt0353969,8,2024-07-12,"Memories of Murder (Crónica de un asesino en serie)","Salinui chueok",https://www.imdb.com/title/tt0353969,Película,8.1,131,2003,"Misterio, Crimen, Drama, Suspense",229729,"2004-05-21","Bong Joon Ho"
tt17351924,7,2024-07-12,"Saltburn","Saltburn",https://www.imdb.com/title/tt17351924,Película,7.0,131,2023,"Suspense, Drama",232300,"2023-12-22","Emerald Fennell"
tt1136617,7,2024-07-12,"El asesino","The Killer",https://www.imdb.com/title/tt1136617,Película,6.7,118,2023,"Acción, Suspense, Crimen, Drama, Aventura",202390,"2023-11-10","David Fincher"
tt13274016,7,2024-07-12,"Reptiles","Reptile",https://www.imdb.com/title/tt13274016,Película,6.8,134,2023,"Suspense, Crimen, Drama, Misterio",98916,"2023-09-29","Grant Singer"
tt15398776,7,2023-11-02,"Oppenheimer","Oppenheimer",https://www.imdb.com/title/tt15398776,Película,8.3,180,2023,"Biografía, Drama, Historia",825633,"2023-07-20","Christopher Nolan"
tt10640346,7,2023-11-02,"Babylon","Babylon",https://www.imdb.com/title/tt10640346,Película,7.1,189,2022,"Drama, Comedia, Historia",183329,"2023-01-20","Damien Chazelle"
tt1570728,8,2023-10-28,"Crazy, Stupid, Love.","Crazy, Stupid, Love.",https://www.imdb.com/title/tt1570728,Película,7.4,118,2011,"Comedia, Romance, Drama",580429,"2011-10-07","Glenn Ficarra,John Requa"
tt1345836,8,2023-10-28,"El caballero oscuro: La leyenda renace","The Dark Knight Rises",https://www.imdb.com/title/tt1345836,Película,8.4,164,2012,"Acción, Drama, Suspense",1878739,"2012-07-20","Christopher Nolan"
tt2066051,8,2023-09-29,"Rocketman","Rocketman",https://www.imdb.com/title/tt2066051,Película,7.3,121,2019,"Musical, Biografía, Drama, Música",200317,"2019-05-31","Dexter Fletcher"
tt0278504,8,2023-09-29,"Insomnio","Insomnia",https://www.imdb.com/title/tt0278504,Película,7.2,118,2002,"Misterio, Drama, Suspense",325481,"2002-10-11","Christopher Nolan"
tt0372784,7,2023-09-29,"Batman Begins","Batman Begins",https://www.imdb.com/title/tt0372784,Película,8.2,140,2005,"Acción, Drama",1618179,"2005-06-17","Christopher Nolan"
tt0758752,7,2023-09-29,"Amor y otras drogas","Love & Other Drugs",https://www.imdb.com/title/tt0758752,Película,6.7,112,2010,"Drama, Comedia, Romance",231209,"2011-01-14","Edward Zwick"
tt12477480,8,2023-09-12,"Decision to Leave","Heojil kyolshim",https://www.imdb.com/title/tt12477480,Película,7.3,139,2022,"Drama, Crimen, Misterio, Romance, Suspense",59348,"2023-01-20","Park Chan-wook"
tt7984734,7,2023-09-12,"El faro","The Lighthouse",https://www.imdb.com/title/tt7984734,Película,7.4,109,2019,"Drama, Fantasía, Misterio, Suspense, Terror",269555,"2020-01-10","Robert Eggers"
tt5715874,7,2023-09-12,"El sacrificio de un ciervo sagrado","The Killing of a Sacred Deer",https://www.imdb.com/title/tt5715874,Película,7.0,121,2017,"Drama, Misterio, Suspense, Terror",198557,"2017-12-01","Yorgos Lanthimos"
tt3890160,6,2023-08-30,"Baby Driver","Baby Driver",https://www.imdb.com/title/tt3890160,Película,7.5,113,2017,"Acción, Música, Crimen, Drama",634715,"2017-07-07","Edgar Wright"
tt0765010,6,2023-08-30,"Brothers (Hermanos)","Brothers",https://www.imdb.com/title/tt0765010,Película,7.1,105,2009,"Drama, Bélico, Suspense",155629,"2010-03-18","Jim Sheridan"
tt5362988,7,2023-08-30,"Wind River","Wind River",https://www.imdb.com/title/tt5362988,Película,7.7,107,2017,"Suspense, Crimen, Misterio, Drama, Del oeste",289657,"2017-08-18","Taylor Sheridan"
tt2866360,8,2023-08-22,"Coherence","Coherence",https://www.imdb.com/title/tt2866360,Película,7.2,89,2013,"Ciencia ficción, Suspense, Misterio, Terror",154158,"2015-02-18","James Ward Byrkit"
tt0416320,8,2023-08-19,"Match Point","Match Point",https://www.imdb.com/title/tt0416320,Película,7.6,124,2005,"Drama, Romance, Suspense",231597,"2005-11-04","Woody Allen"
tt0497465,7,2023-08-19,"Vicky Cristina Barcelona","Vicky Cristina Barcelona",https://www.imdb.com/title/tt0497465,Película,7.1,96,2008,"Drama, Romance, Comedia",272460,"2008-09-19","Woody Allen"
tt7131622,7,2023-08-15,"Érase una vez en... Hollywood","Once Upon a Time in... Hollywood",https://www.imdb.com/title/tt7131622,Película,7.6,161,2019,"Drama, Comedia",881654,"2019-08-15","Quentin Tarantino"
tt1392214,9,2023-08-15,"Prisioneros","Prisoners",https://www.imdb.com/title/tt1392214,Película,8.2,153,2013,"Crimen, Drama, Suspense, Misterio",845030,"2013-10-11","Denis Villeneuve"
tt1032755,8,2023-08-10,"RocknRolla","RocknRolla",https://www.imdb.com/title/tt1032755,Película,7.2,114,2008,"Acción, Crimen, Suspense",268392,"2009-01-01","Guy Ritchie"
tt2872718,7,2023-08-03,"Nightcrawler","Nightcrawler",https://www.imdb.com/title/tt2872718,Película,7.8,117,2014,"Crimen, Suspense, Drama",623669,"2015-01-30","Dan Gilroy"
tt0103791,6,2023-08-02,"Belle Epoque","Belle Epoque",https://www.imdb.com/title/tt0103791,Película,7.1,109,1992,"Drama, Romance, Comedia",11605,"1992-12-04","Fernando Trueba"
tt9764362,7,2023-07-23,"El menú","The Menu",https://www.imdb.com/title/tt9764362,Película,7.2,107,2022,"Terror, Suspense, Comedia",427267,"2022-12-02","Mark Mylod"
tt3464902,7,2023-07-21,"Langosta","The Lobster",https://www.imdb.com/title/tt3464902,Película,7.1,119,2015,"Romance, Ciencia ficción, Drama, Suspense",310978,"2015-12-04","Yorgos Lanthimos"
tt7322224,6,2023-07-21,"El triángulo de la tristeza","Triangle of Sadness",https://www.imdb.com/title/tt7322224,Película,7.3,147,2022,"Drama, Comedia",192826,"2023-02-17","Ruben Östlund"
tt13833688,8,2023-07-21,"La ballena (The Whale)","The Whale",https://www.imdb.com/title/tt13833688,Película,7.6,117,2022,"Drama",231703,"2023-01-27","Darren Aronofsky"
tt2562232,9,2023-06-01,"Birdman o (La inesperada virtud de la ignorancia)","Birdman or (The Unexpected Virtue of Ignorance)",https://www.imdb.com/title/tt2562232,Película,7.7,119,2014,"Comedia, Drama",676423,"2015-01-09","Alejandro G. Iñárritu"
tt1189073,8,2023-03-20,"La piel que habito","La piel que habito",https://www.imdb.com/title/tt1189073,Película,7.6,120,2011,"Suspense, Drama, Misterio",171001,"2011-09-02","Pedro Almodóvar"
tt0369702,8,2023-03-20,"Mar adentro","Mar adentro",https://www.imdb.com/title/tt0369702,Película,8.0,126,2004,"Drama, Biografía",86292,"2004-09-03","Alejandro Amenábar"
tt1931533,7,2023-03-15,"Siete psicópatas","Seven Psychopaths",https://www.imdb.com/title/tt1931533,Película,7.1,110,2012,"Comedia, Crimen",278191,"2013-02-22","Martin McDonagh"
tt0181689,7,2023-03-03,"Minority Report","Minority Report",https://www.imdb.com/title/tt0181689,Película,7.6,145,2002,"Crimen, Ciencia ficción, Misterio, Suspense, Acción",595177,"2002-10-04","Steven Spielberg"
tt0120669,7,2023-03-03,"Miedo y asco en Las Vegas","Fear and Loathing in Las Vegas",https://www.imdb.com/title/tt0120669,Película,7.5,118,1998,"Aventura, Drama, Comedia",307006,"1999-04-23","Terry Gilliam"
tt0246578,7,2023-03-03,"Donnie Darko","Donnie Darko",https://www.imdb.com/title/tt0246578,Película,8.0,113,2001,"Ciencia ficción, Suspense, Misterio, Drama",869227,"2002-07-05","Richard Kelly"
tt0114746,8,2023-03-03,"12 monos","Twelve Monkeys",https://www.imdb.com/title/tt0114746,Película,8.0,129,1995,"Misterio, Ciencia ficción, Suspense",657419,"1996-03-21","Terry Gilliam"
tt0470752,7,2023-03-03,"Ex_Machina","Ex Machina",https://www.imdb.com/title/tt0470752,Película,7.7,108,2014,"Drama, Ciencia ficción, Suspense",608037,"2015-02-27","Alex Garland"
tt0319061,7,2023-02-28,"Big Fish","Big Fish",https://www.imdb.com/title/tt0319061,Película,8.0,125,2003,"Fantasía, Aventura, Romance, Drama",465231,"2004-03-05","Tim Burton"
tt0780536,8,2023-02-27,"Escondidos en Brujas","In Bruges",https://www.imdb.com/title/tt0780536,Película,7.9,107,2008,"Crimen, Drama, Comedia, Suspense",472103,"2008-07-18","Martin McDonagh"
tt11813216,8,2023-02-27,"Almas en pena de Inisherin","The Banshees of Inisherin",https://www.imdb.com/title/tt11813216,Película,7.7,114,2022,"Drama, Comedia",269015,"2023-02-03","Martin McDonagh"
tt6710474,8,2023-02-27,"Todo a la vez en todas partes","Everything Everywhere All at Once",https://www.imdb.com/title/tt6710474,Película,7.8,139,2022,"Ciencia ficción, Aventura, Comedia, Fantasía, Acción",561311,"2022-06-03","Daniel Kwan,Daniel Scheinert"
tt0120601,8,2023-02-04,"Cómo ser John Malkovich","Being John Malkovich",https://www.imdb.com/title/tt0120601,Película,7.7,113,1999,"Drama, Comedia, Fantasía",358928,"2000-03-10","Spike Jonze"
tt10384744,7,2023-01-28,"La odisea de los giles","La odisea de los giles",https://www.imdb.com/title/tt10384744,Película,7.2,116,2019,"Drama, Aventura, Comedia, Crimen, Historia, Suspense",13267,"2019-11-29","Sebastián Borensztein"
tt9506474,6,2023-01-28,"Hater","Sala samobójców. Hejter",https://www.imdb.com/title/tt9506474,Película,7.1,135,2020,"Drama, Suspense",18008,"2020-07-29","Jan Komasa"
tt1630029,6,2023-01-15,"Avatar: El sentido del agua","Avatar: The Way of Water",https://www.imdb.com/title/tt1630029,Película,7.5,192,2022,"Acción, Aventura, Ciencia ficción, Fantasía",518634,"2022-12-16","James Cameron"
tt11564570,9,2023-01-15,"Puñales por la espalda: El misterio de Glass Onion","Glass Onion",https://www.imdb.com/title/tt11564570,Película,7.1,139,2022,"Crimen, Suspense, Drama, Misterio, Comedia",462883,"2022-11-23","Rian Johnson"
tt1276104,8,2023-01-15,"Looper","Looper",https://www.imdb.com/title/tt1276104,Película,7.4,119,2012,"Ciencia ficción, Acción, Suspense, Drama",611985,"2012-10-19","Rian Johnson"
tt0105323,7,2022-11-22,"Esencia de mujer","Scent of a Woman",https://www.imdb.com/title/tt0105323,Película,8.0,156,1992,"Drama",340061,"1993-03-12","Martin Brest"
tt0327056,8,2022-11-22,"Mystic River","Mystic River",https://www.imdb.com/title/tt0327056,Película,7.9,138,2003,"Crimen, Misterio, Suspense, Drama",496485,"2003-10-24","Clint Eastwood"
tt0119164,8,2022-11-02,"Full Monty","The Full Monty",https://www.imdb.com/title/tt0119164,Película,7.2,91,1997,"Drama, Comedia",115862,"1997-10-07","Peter Cattaneo"
tt0266697,7,2022-11-02,"Kill Bill: Volumen 1","Kill Bill: Vol. 1",https://www.imdb.com/title/tt0266697,Película,8.2,111,2003,"Acción, Suspense, Crimen",1227064,"2004-03-05","Quentin Tarantino"
tt0117951,8,2022-11-02,"Trainspotting","Trainspotting",https://www.imdb.com/title/tt0117951,Película,8.1,93,1996,"Drama",740129,"1996-09-23","Danny Boyle"
tt0405159,9,2022-11-02,"Million Dollar Baby","Million Dollar Baby",https://www.imdb.com/title/tt0405159,Película,8.1,132,2004,"Drama, Deporte",735604,"2005-02-04","Clint Eastwood"
tt0395169,9,2022-11-02,"Hotel Rwanda","Hotel Rwanda",https://www.imdb.com/title/tt0395169,Película,8.1,121,2004,"Drama, Bélico, Historia, Biografía",379142,"2005-02-25","Terry George"
tt1205489,9,2022-11-02,"Gran Torino","Gran Torino",https://www.imdb.com/title/tt1205489,Película,8.1,116,2008,"Drama",828788,"2009-03-06","Clint Eastwood"
tt2106476,7,2022-11-02,"La caza","Jagten",https://www.imdb.com/title/tt2106476,Película,8.3,115,2012,"Drama",377904,"2013-04-19","Thomas Vinterberg"
tt2582802,9,2022-11-02,"Whiplash","Whiplash",https://www.imdb.com/title/tt2582802,Película,8.5,106,2014,"Drama, Música",1037535,"2015-01-16","Damien Chazelle"
tt0317248,8,2022-11-02,"Ciudad de Dios","Cidade de Deus",https://www.imdb.com/title/tt0317248,Película,8.6,130,2002,"Drama, Crimen",822448,"2003-01-31","Fernando Meirelles,Kátia Lund"
tt3011894,8,2022-11-02,"Relatos salvajes","Relatos salvajes",https://www.imdb.com/title/tt3011894,Película,8.1,122,2014,"Comedia, Suspense, Drama",223438,"2014-10-17","Damián Szifron"
tt15301048,8,2022-11-02,"Argentina, 1985","Argentina, 1985",https://www.imdb.com/title/tt15301048,Película,7.6,140,2022,"Drama, Crimen, Historia, Biografía",32869,"2022-09-30","Santiago Mitre"
tt0450259,9,2022-08-25,"Diamante de sangre","Blood Diamond",https://www.imdb.com/title/tt0450259,Película,8.0,143,2006,"Drama, Aventura, Suspense",598755,"2007-02-09","Edward Zwick"
tt0210945,8,2022-08-25,"Titanes: Hicieron historia","Remember the Titans",https://www.imdb.com/title/tt0210945,Película,7.8,113,2000,"Deporte, Biografía, Comedia, Drama",237184,"2001-03-30","Boaz Yakin"
tt0107818,7,2022-08-25,"Philadelphia","Philadelphia",https://www.imdb.com/title/tt0107818,Película,7.7,125,1993,"Drama",263322,"1994-03-11","Jonathan Demme"
tt0257044,7,2022-08-25,"Camino a la perdición","Road to Perdition",https://www.imdb.com/title/tt0257044,Película,7.7,117,2002,"Suspense, Crimen, Drama",289677,"2002-09-06","Sam Mendes"
tt1535109,9,2022-08-25,"Capitán Phillips","Captain Phillips",https://www.imdb.com/title/tt1535109,Película,7.8,134,2013,"Drama, Biografía, Suspense, Crimen, Acción",501829,"2013-10-18","Paul Greengrass"
tt1907668,7,2022-08-25,"El vuelo (Flight)","Flight",https://www.imdb.com/title/tt1907668,Película,7.3,138,2012,"Drama, Suspense",382771,"2013-01-25","Robert Zemeckis"
tt0209144,9,2022-08-25,"Memento","Memento",https://www.imdb.com/title/tt0209144,Película,8.4,113,2000,"Suspense, Misterio",1354808,"2001-01-19","Christopher Nolan"
tt0317740,7,2022-08-25,"The Italian Job","The Italian Job",https://www.imdb.com/title/tt0317740,Película,7.0,111,2003,"Suspense, Crimen, Acción",394978,"2003-09-26","F. Gary Gray"
tt1727824,8,2022-08-25,"Bohemian Rhapsody","Bohemian Rhapsody",https://www.imdb.com/title/tt1727824,Película,7.9,134,2018,"Biografía, Drama, Música",610876,"2018-10-31","Bryan Singer"
tt0240772,8,2022-08-25,"Ocean's Eleven: Hagan juego","Ocean's Eleven",https://www.imdb.com/title/tt0240772,Película,7.7,116,2001,"Suspense, Crimen",634766,"2002-01-18","Steven Soderbergh"
tt1210166,8,2022-08-25,"Moneyball: Rompiendo las reglas","Moneyball",https://www.imdb.com/title/tt1210166,Película,7.6,133,2011,"Drama, Deporte, Biografía",477464,"2012-02-03","Bennett Miller"
tt1800241,7,2022-08-25,"La gran estafa americana","American Hustle",https://www.imdb.com/title/tt1800241,Película,7.2,138,2013,"Drama, Crimen",505961,"2014-01-31","David O. Russell"
tt0361862,8,2022-08-25,"El maquinista","The Machinist",https://www.imdb.com/title/tt0361862,Película,7.6,101,2004,"Suspense, Drama",423757,"2004-12-17","Brad Anderson"
tt1152836,7,2022-08-25,"Enemigos públicos","Public Enemies",https://www.imdb.com/title/tt1152836,Película,6.9,140,2009,"Crimen, Drama, Biografía, Historia",324605,"2009-08-14","Michael Mann"
tt0119008,7,2022-08-25,"Donnie Brasco","Donnie Brasco",https://www.imdb.com/title/tt0119008,Película,7.7,127,1997,"Biografía, Crimen, Drama",339539,"1997-03-19","Mike Newell"
tt0454848,8,2022-08-25,"Plan oculto","Inside Man",https://www.imdb.com/title/tt0454848,Película,7.6,129,2006,"Crimen, Drama, Suspense, Misterio",405906,"2006-04-12","Spike Lee"
tt1189340,8,2022-08-25,"El inocente (The Lincoln Lawyer)","The Lincoln Lawyer",https://www.imdb.com/title/tt1189340,Película,7.3,118,2011,"Drama, Crimen, Suspense, Misterio",259012,"2011-05-13","Brad Furman"
tt0117913,7,2022-08-25,"Tiempo de matar","A Time to Kill",https://www.imdb.com/title/tt0117913,Película,7.5,149,1996,"Crimen, Drama, Suspense",186871,"1996-09-20","Joel Schumacher"
tt4972582,8,2022-08-25,"Múltiple","Split",https://www.imdb.com/title/tt4972582,Película,7.3,117,2016,"Suspense, Terror",577441,"2017-01-27","M. Night Shyamalan"
tt5727208,8,2022-05-23,"Diamantes en bruto","Uncut Gems",https://www.imdb.com/title/tt5727208,Película,7.4,135,2019,"Drama, Crimen, Suspense",328339,"2020-01-31","Benny Safdie,Josh Safdie"
tt0107207,8,2022-05-07,"En el nombre del padre","In the Name of the Father",https://www.imdb.com/title/tt0107207,Película,8.1,133,1993,"Biografía, Crimen, Drama",192535,"1994-02-18","Jim Sheridan"
tt1305806,8,2022-04-22,"El secreto de sus ojos","El secreto de sus ojos",https://www.imdb.com/title/tt1305806,Película,8.2,129,2009,"Drama, Misterio, Suspense, Romance",228509,"2009-09-25","Juan José Campanella"
tt0443706,7,2022-03-25,"Zodiac","Zodiac",https://www.imdb.com/title/tt0443706,Película,7.7,157,2007,"Drama, Suspense, Crimen, Misterio",620729,"2007-05-18","David Fincher"
tt0119174,8,2022-03-25,"The Game","The Game",https://www.imdb.com/title/tt0119174,Película,7.7,129,1997,"Drama, Suspense, Misterio",443231,"1997-12-05","David Fincher"
tt7475578,7,2022-03-25,"Múnich en vísperas de una guerra","Munich: The Edge of War",https://www.imdb.com/title/tt7475578,Película,6.8,130,2021,"Drama, Biografía, Historia, Suspense",36978,"2022-01-21","Christian Schwochow"
tt0816692,9,2022-03-14,"Interstellar","Interstellar",https://www.imdb.com/title/tt0816692,Película,8.7,169,2014,"Ciencia ficción, Aventura, Drama",2224151,"2014-11-07","Christopher Nolan"
tt0780504,8,2022-03-14,"Drive","Drive",https://www.imdb.com/title/tt0780504,Película,7.8,100,2011,"Drama, Acción",723390,"2011-12-28","Nicolas Winding Refn"
tt0120735,8,2022-01-10,"Lock & Stock","Lock, Stock and Two Smoking Barrels",https://www.imdb.com/title/tt0120735,Película,8.1,107,1998,"Crimen, Comedia",627580,"1999-04-09","Guy Ritchie"
tt0208092,8,2022-01-10,"Snatch. Cerdos y diamantes","Snatch",https://www.imdb.com/title/tt0208092,Película,8.2,104,2000,"Comedia, Crimen",930840,"2000-11-03","Guy Ritchie"
tt7533152,7,2021-12-14,"El niño que domó el viento","The Boy Who Harnessed the Wind",https://www.imdb.com/title/tt7533152,Película,7.6,113,2019,"Drama, Biografía, Historia",46642,"2019-03-01","Chiwetel Ejiofor"
tt5052474,7,2021-12-14,"Sicario: El día del soldado","Sicario: Day of the Soldado",https://www.imdb.com/title/tt5052474,Película,7.1,122,2018,"Acción, Crimen, Drama, Suspense, Misterio",173934,"2018-06-29","Stefano Sollima"
tt3397884,7,2021-12-14,"Sicario","Sicario",https://www.imdb.com/title/tt3397884,Película,7.7,121,2015,"Drama, Crimen, Misterio, Suspense, Acción",494163,"2015-11-13","Denis Villeneuve"
tt0119978,7,2021-11-29,"Legítima defensa, de John Grisham","The Rainmaker",https://www.imdb.com/title/tt0119978,Película,7.2,135,1997,"Suspense, Crimen, Drama",85029,"1998-03-02","Francis Ford Coppola"
tt7984766,7,2021-11-29,"The King","The King",https://www.imdb.com/title/tt7984766,Película,7.3,140,2019,"Drama, Biografía, Historia, Romance, Bélico",159612,"2019-11-01","David Michôd"
tt4555426,7,2021-11-29,"El instante más oscuro","Darkest Hour",https://www.imdb.com/title/tt4555426,Película,7.4,125,2017,"Drama, Bélico",226817,"2018-01-12","Joe Wright"
tt2396589,7,2021-11-29,"Mudbound","Mudbound",https://www.imdb.com/title/tt2396589,Película,7.4,134,2017,"Drama, Bélico",55469,"2017-11-17","Dee Rees"
tt0814314,7,2021-11-29,"Siete almas","Seven Pounds",https://www.imdb.com/title/tt0814314,Película,7.6,123,2008,"Drama, Misterio, Suspense",318746,"2009-01-16","Gabriele Muccino"
tt0455944,6,2021-11-29,"The Equalizer. El protector","The Equalizer",https://www.imdb.com/title/tt0455944,Película,7.2,132,2014,"Suspense, Acción, Crimen",435222,"2014-10-17","Antoine Fuqua"
tt0107943,7,2021-11-29,"Lo que queda del día","The Remains of the Day",https://www.imdb.com/title/tt0107943,Película,7.8,134,1993,"Romance, Drama",87155,"1994-02-25","James Ivory"
tt0382625,7,2021-11-26,"El código Da Vinci","The Da Vinci Code",https://www.imdb.com/title/tt0382625,Película,6.6,149,2006,"Suspense, Misterio",467026,"2006-05-19","Ron Howard"
tt1070874,8,2021-11-26,"El juicio de los 7 de Chicago","The Trial of the Chicago 7",https://www.imdb.com/title/tt1070874,Película,7.7,129,2020,"Drama, Suspense, Historia",197561,"2020-10-16","Aaron Sorkin"
tt8404614,7,2021-11-26,"Los dos Papas","The Two Popes",https://www.imdb.com/title/tt8404614,Película,7.6,125,2019,"Drama, Comedia, Biografía",135288,"2019-12-20","Fernando Meirelles"
tt0120102,7,2021-11-26,"Siete años en el Tíbet","Seven Years in Tibet",https://www.imdb.com/title/tt0120102,Película,7.1,136,1997,"Biografía, Historia, Bélico, Drama, Aventura",159463,"1997-12-05","Jean-Jacques Annaud"
tt0087843,8,2021-11-26,"Érase una vez en América","Once Upon a Time in America",https://www.imdb.com/title/tt0087843,Película,8.3,229,1984,"Crimen, Drama",387582,"1985-01-24","Sergio Leone"
tt0172495,9,2021-11-11,"Gladiator (El gladiador)","Gladiator",https://www.imdb.com/title/tt0172495,Película,8.5,155,2000,"Aventura, Drama, Acción",1701820,"2000-05-17","Ridley Scott"
tt0372183,6,2021-11-10,"El mito de Bourne","The Bourne Supremacy",https://www.imdb.com/title/tt0372183,Película,7.7,108,2004,"Suspense, Acción",495058,"2004-09-17","Paul Greengrass"
tt0245712,8,2021-11-10,"Amores perros","Amores perros",https://www.imdb.com/title/tt0245712,Película,8.0,154,2000,"Suspense, Drama",257532,"2001-03-16","Alejandro G. Iñárritu"
tt1302006,8,2021-11-08,"El irlandés","The Irishman",https://www.imdb.com/title/tt1302006,Película,7.8,209,2019,"Crimen, Drama, Biografía",443736,"2019-11-27","Martin Scorsese"
tt0473705,7,2021-11-05,"La sombra del poder","State of Play",https://www.imdb.com/title/tt0473705,Película,7.1,127,2009,"Drama, Misterio, Suspense, Crimen",162806,"2009-04-17","Kevin Macdonald"
tt0840361,8,2021-11-05,"The Town: Ciudad de ladrones","The Town",https://www.imdb.com/title/tt0840361,Película,7.5,125,2010,"Drama, Suspense, Crimen",424736,"2010-10-29","Ben Affleck"
tt2267998,8,2021-11-05,"Perdida","Gone Girl",https://www.imdb.com/title/tt2267998,Película,8.1,149,2014,"Suspense, Drama, Misterio",1098747,"2014-10-10","David Fincher"
tt6266538,7,2021-11-05,"El vicio del poder","Vice",https://www.imdb.com/title/tt6266538,Película,7.2,132,2018,"Biografía, Drama, Comedia, Historia",166570,"2019-01-11","Adam McKay"
tt1568346,8,2021-11-01,"Millennium: Los hombres que no amaban a las mujeres","The Girl with the Dragon Tattoo",https://www.imdb.com/title/tt1568346,Película,7.8,158,2011,"Drama, Suspense, Crimen, Misterio",506364,"2012-01-13","David Fincher"
tt1291584,8,2021-11-01,"Warrior","Warrior",https://www.imdb.com/title/tt1291584,Película,8.1,140,2011,"Drama, Deporte, Acción",507558,"2011-09-09","Gavin O'Connor"
tt0449467,7,2021-10-26,"Babel","Babel",https://www.imdb.com/title/tt0449467,Película,7.5,143,2006,"Drama",321028,"2006-12-29","Alejandro G. Iñárritu"
tt0095765,8,2021-10-25,"Cinema Paradiso","Nuovo Cinema Paradiso",https://www.imdb.com/title/tt0095765,Película,8.5,174,1988,"Romance, Drama",293565,"1989-12-18","Giuseppe Tornatore"
tt0292963,6,2021-10-25,"Antes que el diablo sepa que has muerto","Before the Devil Knows You're Dead",https://www.imdb.com/title/tt0292963,Película,7.3,117,2007,"Crimen, Drama, Suspense",114443,"2008-05-23","Sidney Lumet"
tt0328107,7,2021-10-25,"El fuego de la venganza","Man on Fire",https://www.imdb.com/title/tt0328107,Película,7.7,146,2004,"Suspense, Drama, Crimen",398429,"2004-10-08","Tony Scott"
tt0362227,8,2021-10-19,"La terminal","The Terminal",https://www.imdb.com/title/tt0362227,Película,7.4,128,2004,"Drama, Comedia, Romance",506954,"2004-09-10","Steven Spielberg"
tt0454921,7,2021-10-19,"En busca de la felicidad","The Pursuit of Happyness",https://www.imdb.com/title/tt0454921,Película,8.0,117,2006,"Drama, Biografía",578816,"2007-02-02","Gabriele Muccino"
tt0075314,7,2021-10-19,"Taxi Driver","Taxi Driver",https://www.imdb.com/title/tt0075314,Película,8.2,114,1976,"Crimen, Drama",955186,"1977-03-10","Martin Scorsese"
tt0086250,9,2021-10-19,"El precio del poder","Scarface",https://www.imdb.com/title/tt0086250,Película,8.3,170,1983,"Crimen, Drama",944172,"1984-03-12","Brian De Palma"
tt8884146,8,2021-10-19,"American History X: Deleted Scenes","American History X: Deleted Scenes",https://www.imdb.com/title/tt8884146,Vídeo,8.4,7,1998,"Corto, Drama",25470,"1998",
tt0120815,7,2021-10-19,"Salvar al soldado Ryan","Saving Private Ryan",https://www.imdb.com/title/tt0120815,Película,8.6,169,1998,"Drama, Bélico",1539452,"1998-09-18","Steven Spielberg"
tt0120689,9,2021-10-19,"La milla verde","The Green Mile",https://www.imdb.com/title/tt0120689,Película,8.6,189,1999,"Crimen, Fantasía, Misterio, Drama",1452315,"2000-02-18","Frank Darabont"
tt0364569,8,2021-10-19,"Old Boy","Oldeuboi",https://www.imdb.com/title/tt0364569,Película,8.3,120,2003,"Misterio, Suspense, Acción, Drama",660198,"2005-01-28","Park Chan-wook"
tt3460252,7,2021-10-19,"Los odiosos ocho","The Hateful Eight",https://www.imdb.com/title/tt3460252,Película,7.8,168,2015,"Del oeste, Drama, Suspense, Misterio, Crimen",677596,"2016-01-15","Quentin Tarantino"
tt1853728,9,2021-10-19,"Django desencadenado","Django Unchained",https://www.imdb.com/title/tt1853728,Película,8.5,165,2012,"Del oeste, Drama, Comedia",1749171,"2013-01-18","Quentin Tarantino"
tt0117883,9,2021-09-06,"Tesis","Tesis",https://www.imdb.com/title/tt0117883,Película,7.4,125,1996,"Misterio, Crimen, Terror, Suspense",43683,"1996-04-12","Alejandro Amenábar"
tt0765429,8,2021-09-05,"American Gangster","American Gangster",https://www.imdb.com/title/tt0765429,Película,7.8,157,2007,"Drama, Crimen, Biografía",464736,"2007-12-28","Ridley Scott"
tt0119488,8,2021-09-04,"L.A. Confidential","L.A. Confidential",https://www.imdb.com/title/tt0119488,Película,8.2,138,1997,"Crimen, Drama, Suspense, Misterio",632554,"1997-11-07","Curtis Hanson"
tt0113277,9,2021-08-30,"Heat","Heat",https://www.imdb.com/title/tt0113277,Película,8.3,170,1995,"Drama, Acción, Crimen",739460,"1996-02-09","Michael Mann"
tt0117381,8,2021-08-30,"Las dos caras de la verdad","Primal Fear",https://www.imdb.com/title/tt0117381,Película,7.7,129,1996,"Crimen, Misterio, Drama, Suspense",254065,"1996-04-26","Gregory Hoblit"
tt7175992,6,2021-08-26,"La última lección","L'heure de la sortie",https://www.imdb.com/title/tt7175992,Película,6.5,104,2018,"Suspense, Drama, Misterio",3210,"2019-05-24","Sébastien Marnier"
tt7048622,8,2021-08-25,"El insulto","L'insulte",https://www.imdb.com/title/tt7048622,Película,7.6,113,2017,"Drama, Crimen, Suspense",18397,"2017-09-14","Ziad Doueiri"
tt0118715,7,2021-08-24,"El gran Lebowski","The Big Lebowski",https://www.imdb.com/title/tt0118715,Película,8.1,117,1998,"Crimen, Comedia",878084,"1998-04-24","Joel Coen,Ethan Coen"
tt1045658,8,2021-08-24,"El lado bueno de las cosas","Silver Linings Playbook",https://www.imdb.com/title/tt1045658,Película,7.7,122,2012,"Comedia, Drama, Romance",752525,"2013-01-25","David O. Russell"
tt2980516,7,2021-08-24,"La teoría del todo","The Theory of Everything",https://www.imdb.com/title/tt2980516,Película,7.7,123,2014,"Drama, Biografía, Romance",489829,"2015-01-16","James Marsh"
tt2084970,8,2021-08-24,"The Imitation Game (Descifrando Enigma)","The Imitation Game",https://www.imdb.com/title/tt2084970,Película,8.0,114,2014,"Drama, Biografía, Suspense, Bélico",841697,"2015-01-01","Morten Tyldum"
tt0790636,9,2021-08-24,"Dallas Buyers Club","Dallas Buyers Club",https://www.imdb.com/title/tt0790636,Película,7.9,117,2013,"Drama, Biografía",528099,"2014-03-14","Jean-Marc Vallée"
tt0180093,9,2021-08-24,"Réquiem por un sueño","Requiem for a Dream",https://www.imdb.com/title/tt0180093,Película,8.3,102,2000,"Drama",922666,"2001-03-23","Darren Aronofsky"
tt8228288,7,2021-08-22,"El hoyo","El hoyo",https://www.imdb.com/title/tt8228288,Película,7.0,94,2019,"Suspense, Ciencia ficción, Terror, Misterio",297874,"2019-11-08","Galder Gaztelu-Urrutia"
tt0123755,9,2021-08-22,"Cube","Cube",https://www.imdb.com/title/tt0123755,Película,7.1,90,1997,"Terror, Misterio, Ciencia ficción",252670,"1997-12-10","Vincenzo Natali"
tt3118452,6,2021-08-22,"Círculo","Circle",https://www.imdb.com/title/tt3118452,Película,6.0,87,2015,"Drama, Ciencia ficción, Suspense, Misterio, Terror",68456,"2015-10-15","Aaron Hann,Mario Miscione"
tt4332232,6,2021-08-22,"Fractura","Fractured",https://www.imdb.com/title/tt4332232,Película,6.5,99,2019,"Suspense, Drama, Misterio",99281,"2019-10-11","Brad Anderson"
tt7967412,6,2021-08-22,"Quien a hierro mata","Quien a hierro mata",https://www.imdb.com/title/tt7967412,Película,6.6,107,2019,"Drama, Suspense, Crimen",8988,"2019-08-30","Paco Plaza"
tt0363988,5,2021-08-22,"La ventana secreta","Secret Window",https://www.imdb.com/title/tt0363988,Película,6.5,96,2004,"Suspense, Misterio, Drama",213505,"2004-04-16","David Koepp"
tt1130884,9,2021-08-22,"Shutter Island","Shutter Island",https://www.imdb.com/title/tt1130884,Película,8.2,138,2010,"Suspense, Misterio, Drama",1510772,"2010-02-19","Martin Scorsese"
tt0434409,7,2021-08-22,"V de vendetta","V for Vendetta",https://www.imdb.com/title/tt0434409,Película,8.1,132,2005,"Suspense, Acción, Drama, Ciencia ficción",1200808,"2006-04-07","James McTeigue"
tt2024544,9,2021-08-22,"12 años de esclavitud","12 Years a Slave",https://www.imdb.com/title/tt2024544,Película,8.1,134,2013,"Drama, Historia, Biografía",754722,"2013-12-13","Steve McQueen"
tt1895587,9,2021-08-22,"Spotlight","Spotlight",https://www.imdb.com/title/tt1895587,Película,8.1,129,2015,"Drama, Crimen, Biografía",511610,"2016-01-29","Tom McCarthy"
tt5027774,7,2021-08-22,"Tres anuncios en las afueras","Three Billboards Outside Ebbing, Missouri",https://www.imdb.com/title/tt5027774,Película,8.1,115,2017,"Crimen, Drama, Comedia",570438,"2018-01-12","Martin McDonagh"
tt6966692,10,2021-08-22,"Green Book","Green Book",https://www.imdb.com/title/tt6966692,Película,8.2,130,2018,"Drama, Biografía, Comedia, Música",609399,"2019-02-01","Peter Farrelly"
tt1675434,8,2021-08-22,"Intocable","Intouchables",https://www.imdb.com/title/tt1675434,Película,8.5,112,2011,"Comedia, Drama",957134,"2012-03-09","Olivier Nakache,Éric Toledano"
tt0118799,10,2021-08-22,"La vida es bella","La vita è bella",https://www.imdb.com/title/tt0118799,Película,8.6,116,1997,"Comedia, Bélico, Romance, Drama",762977,"1999-02-26","Roberto Benigni"
tt0114814,8,2021-08-22,"Sospechosos habituales","The Usual Suspects",https://www.imdb.com/title/tt0114814,Película,8.5,106,1995,"Drama, Crimen, Misterio, Suspense",1170687,"1995-09-08","Bryan Singer"
tt0120586,8,2021-08-22,"American History X","American History X",https://www.imdb.com/title/tt0120586,Película,8.5,119,1998,"Drama, Crimen",1213380,"1999-03-19","Tony Kaye"
tt0109830,10,2021-08-22,"Forrest Gump","Forrest Gump",https://www.imdb.com/title/tt0109830,Película,8.8,142,1994,"Romance, Drama",2329060,"1994-09-23","Robert Zemeckis"
tt0111161,9,2021-08-22,"Cadena perpetua","The Shawshank Redemption",https://www.imdb.com/title/tt0111161,Película,9.3,142,1994,"Drama",2976845,"1995-02-24","Frank Darabont"
tt0137523,9,2021-08-22,"El club de la lucha","Fight Club",https://www.imdb.com/title/tt0137523,Película,8.8,139,1999,"Drama",2406049,"1999-11-05","David Fincher"
tt0114369,9,2021-08-22,"Seven","Se7en",https://www.imdb.com/title/tt0114369,Película,8.6,127,1995,"Misterio, Drama, Crimen, Suspense",1861184,"1996-01-10","David Fincher"
tt0102926,8,2021-08-22,"El silencio de los corderos","The Silence of the Lambs",https://www.imdb.com/title/tt0102926,Película,8.6,118,1991,"Crimen, Drama, Suspense",1599032,"1991-09-06","Jonathan Demme"
tt1454468,6,2021-08-22,"Gravity","Gravity",https://www.imdb.com/title/tt1454468,Película,7.7,91,2013,"Ciencia ficción, Suspense, Drama",874513,"2013-10-04","Alfonso Cuarón"
tt1663202,8,2021-08-22,"El renacido (The Revenant)","The Revenant",https://www.imdb.com/title/tt1663202,Película,8.0,156,2015,"Aventura, Drama, Del oeste, Acción",895744,"2016-02-05","Alejandro G. Iñárritu"
tt0217505,7,2021-08-22,"Gangs of New York","Gangs of New York",https://www.imdb.com/title/tt0217505,Película,7.5,167,2002,"Crimen, Drama",482011,"2003-02-28","Martin Scorsese"
tt0094226,8,2021-08-22,"Los intocables de Eliot Ness","The Untouchables",https://www.imdb.com/title/tt0094226,Película,7.8,119,1987,"Suspense, Drama, Crimen",338002,"1987-10-02","Brian De Palma"
tt0117665,7,2021-08-22,"Sleepers","Sleepers",https://www.imdb.com/title/tt0117665,Película,7.5,147,1996,"Suspense, Crimen, Drama",242233,"1996-11-28","Barry Levinson"
tt0289765,8,2021-07-11,"El dragón rojo","Red Dragon",https://www.imdb.com/title/tt0289765,Película,7.2,124,2002,"Drama, Crimen, Suspense",298328,"2002-10-25","Brett Ratner"
tt6294822,8,2020-08-16,"Los archivos del Pentágono","The Post",https://www.imdb.com/title/tt6294822,Película,7.2,116,2017,"Drama, Biografía, Historia, Suspense, Bélico",165458,"2018-01-19","Steven Spielberg"
tt0089218,8,2020-08-16,"Los Goonies","The Goonies",https://www.imdb.com/title/tt0089218,Película,7.7,114,1985,"Comedia, Familiar, Aventura",306812,"1985-07-24","Richard Donner"
tt0468569,9,2020-08-16,"El caballero oscuro","The Dark Knight",https://www.imdb.com/title/tt0468569,Película,9.0,152,2008,"Drama, Crimen, Suspense, Acción",2957709,"2008-08-13","Christopher Nolan"
tt7286456,7,2020-08-16,"Joker","Joker",https://www.imdb.com/title/tt7286456,Película,8.4,122,2019,"Crimen, Drama, Suspense",1567856,"2019-10-04","Todd Phillips"
tt1375666,9,2020-08-16,"Origen","Inception",https://www.imdb.com/title/tt1375666,Película,8.8,148,2010,"Ciencia ficción, Suspense, Acción, Aventura",2624638,"2010-08-06","Christopher Nolan"
tt0119217,8,2020-08-16,"El indomable Will Hunting","Good Will Hunting",https://www.imdb.com/title/tt0119217,Película,8.3,126,1997,"Romance, Drama",1107929,"1998-02-27","Gus Van Sant"
tt0110912,8,2020-08-16,"Pulp Fiction","Pulp Fiction",https://www.imdb.com/title/tt0110912,Película,8.9,154,1994,"Crimen, Drama",2284882,"1995-01-13","Quentin Tarantino"
tt0120382,7,2020-08-16,"El show de Truman","The Truman Show",https://www.imdb.com/title/tt0120382,Película,8.2,103,1998,"Comedia, Drama",1244130,"1998-10-30","Peter Weir"
tt0477348,7,2020-08-16,"No es país para viejos","No Country for Old Men",https://www.imdb.com/title/tt0477348,Película,8.2,122,2007,"Suspense, Crimen, Drama",1095529,"2008-02-08","Ethan Coen,Joel Coen"
tt0993846,7,2020-08-16,"El lobo de Wall Street","The Wolf of Wall Street",https://www.imdb.com/title/tt0993846,Película,8.2,180,2013,"Crimen, Drama, Biografía, Comedia",1641852,"2014-01-17","Martin Scorsese"
tt2179136,4,2020-08-16,"El francotirador","American Sniper",https://www.imdb.com/title/tt2179136,Película,7.3,133,2014,"Acción, Biografía, Bélico, Drama",541902,"2015-02-20","Clint Eastwood"
tt4975722,6,2020-08-16,"Moonlight","Moonlight",https://www.imdb.com/title/tt4975722,Película,7.4,111,2016,"Drama",337887,"2017-02-10","Barry Jenkins"
tt6751668,8,2020-08-16,"Parásitos","Gisaengchung",https://www.imdb.com/title/tt6751668,Película,8.5,132,2019,"Drama, Suspense",1015654,"2019-10-25","Bong Joon Ho"
tt8946378,10,2020-08-16,"Puñales por la espalda (Knives Out)","Knives Out",https://www.imdb.com/title/tt8946378,Película,7.9,130,2019,"Crimen, Misterio, Suspense, Drama, Comedia",798701,"2019-11-29","Rian Johnson"
tt0099685,9,2020-08-16,"Uno de los nuestros","Goodfellas",https://www.imdb.com/title/tt0099685,Película,8.7,145,1990,"Biografía, Crimen, Drama",1296551,"1990-10-19","Martin Scorsese"
tt0070379,6,2020-08-16,"Malas calles","Mean Streets",https://www.imdb.com/title/tt0070379,Película,7.2,112,1973,"Suspense, Crimen, Drama",122405,"1977-12-24","Martin Scorsese"
tt0482571,9,2020-08-16,"El truco final (El prestigio)","The Prestige",https://www.imdb.com/title/tt0482571,Película,8.5,130,2006,"Drama, Suspense, Misterio, Ciencia ficción",1483096,"2007-01-12","Christopher Nolan"
tt1596363,7,2020-08-16,"La gran apuesta","The Big Short",https://www.imdb.com/title/tt1596363,Película,7.8,130,2015,"Drama, Biografía, Comedia, Historia",499831,"2016-01-22","Adam McKay"
tt0268978,8,2020-08-16,"Una mente maravillosa","A Beautiful Mind",https://www.imdb.com/title/tt0268978,Película,8.2,135,2001,"Biografía, Misterio, Drama",1007750,"2002-02-22","Ron Howard"
tt0407887,8,2020-08-16,"Infiltrados","The Departed",https://www.imdb.com/title/tt0407887,Película,8.5,151,2006,"Crimen, Drama, Suspense",1459293,"2006-10-27","Martin Scorsese"
tt0264464,9,2020-08-16,"Atrápame si puedes","Catch Me If You Can",https://www.imdb.com/title/tt0264464,Película,8.1,141,2002,"Drama, Biografía, Crimen",1135389,"2003-01-24","Steven Spielberg"
